<workflow-app name="{instanceName}_${appName}" xmlns="uri:oozie:workflow:0.4">
	<global>
        <configuration>
            <property>
                <name>mapreduce.job.queuename</name>
                <value>${yarn_queueName}</value>
            </property>
        </configuration>
    </global>
	<credentials>
		<credential name="hive_credentials" type="hive2">
			<property>
				<name>hive2.jdbc.url</name>
				<value>${hive2_jdbc_url}</value>
			</property>
			<property>
				<name>hive2.server.principal</name>
				<value>${hive2_server_principal}</value>
			</property>
		</credential>
	</credentials>	
	<start to="DAILY_PARTITION_CREATION" />
	<action name="DAILY_PARTITION_CREATION" retry-max="3" retry-interval="2" cred='hive_credentials'>
		<hive2 xmlns="uri:oozie:hive2-action:0.1">
			<job-tracker>${jobTracker}</job-tracker>
			<name-node>${nameNode}</name-node>
			<configuration>
			<property>
			<name>oozie.action.sharelib.for.hive</name> 
			<value>${oozie_action_sharelib_for_hive}</value> 
			</property>
			<property>
			<name>oozie.launcher.action.main.class</name> 
			<value>${oozie_launcher_action_main_class}</value> 
			</property>
			<property>
					<name>mapreduce.job.queuename</name>
					<value>${yarn_queueName}</value>
			</property>
		  </configuration>
			<jdbc-url>${hive2_jdbc_url}</jdbc-url>
			<script>${MIS_workspace}/${CreatePartitionOnMISAvroTable}</script>
			<param>instanceName=${instanceName}</param>
			<param>yarn_queueName=${yarn_queueName}</param>
			<param>MISAvroTableName=${MISAvroTableName}</param>
			<param>DataLandingLocation=${MIS_Destination_Location}</param>
			<param>partition_date=${PARTITION_DATE}</param>
			<param>partition_hour=${PARTITION_HOUR}</param>
		</hive2>
		<ok to="INSERT_DATA_INTO_FLATTEN_TABLE"/>
		<error to="Email_failure" />
	</action>
		<action name="DATA_COPY_TO_HAAS">
		<shell xmlns="uri:oozie:shell-action:0.1">
			<job-tracker>${jobTracker}</job-tracker>
			<name-node>${nameNode}</name-node>
			<configuration>
				<property>
					<name>mapreduce.job.queuename</name>
					<value>${yarn_queueName}</value>
				</property>
			</configuration>
			<exec>${dataCopyShellScript}</exec>
			<argument>${PARTITION_DATE}</argument>
			<argument>${MIS_Source_Location}</argument>
			<argument>${MIS_Destination_Location}</argument>
			<argument>${AvroDataFileName}</argument>
			<file>${dataCopyShellScriptPath}#${dataCopyShellScript}</file>
		</shell>
		<ok to="INSERT_DATA_INTO_FLATTEN_TABLE"/>
		<error to="Email_failure" />
	</action>	
	<action name="INSERT_DATA_INTO_FLATTEN_TABLE" retry-max="3" retry-interval="2" cred='hive_credentials'>
		<hive2 xmlns="uri:oozie:hive2-action:0.1">
			<job-tracker>${jobTracker}</job-tracker>
			<name-node>${nameNode}</name-node>
			<configuration>
			<property>
			<name>oozie.action.sharelib.for.hive</name> 
			<value>${oozie_action_sharelib_for_hive}</value> 
			</property>
			<property>
			<name>oozie.launcher.action.main.class</name> 
			<value>${oozie_launcher_action_main_class}</value> 
			</property>
			<property>
					<name>mapreduce.job.queuename</name>
					<value>${yarn_queueName}</value>
			</property>
		  </configuration>
			<jdbc-url>${hive2_jdbc_url}</jdbc-url>
			<script>${MIS_workspace}/${InsertData}</script>
			<param>instanceName=${instanceName}</param>
			<param>yarn_queueName=${yarn_queueName}</param>
			<param>MISAvroTableName=${MISAvroTableName}</param>
			<param>MISAvroFlattenTableName=${MISAvroFlattenTableName}</param>
			<param>partition_date=${PARTITION_DATE}</param>
			<param>partition_hour=${PARTITION_HOUR}</param>
		</hive2>
		<ok to="TouchZSuccessFile"/>
		<error to="Email_failure" />
	</action>
	<action name="TouchZSuccessFile" retry-max="3" retry-interval="1800">
		<fs>
              <touchz path='/user/${instanceName}/landing/staging/resolve/events/Resolve_Flatten_Data/partition_date=${PARTITION_DATE}/partition_hour=${PARTITION_HOUR}/_SUCCESS' />
  		</fs>
		<ok to="Email_success" />
		<error to="Email_failure" />
	</action>
	
	<action name="Email_success">
		<email xmlns="uri:oozie:email-action:0.1">
			<to>${success_emails}</to>
			<subject>SUCCESS:MIS for data: ${PARTITION_DATE} and for hour ${PARTITION_HOUR} with workflow ID : ${wf:id()}</subject>
			<body>Hi,

				This is auto-generated email. Please do not reply to this email.

				Thanks,
				DSS
				Big Data Team.
			</body>
		</email>
		<ok to="end" />
		<error to="Email_failure" />
	</action>
	
	<action name="Email_failure">
		<email xmlns="uri:oozie:email-action:0.1">
			<to>${failure_emails}</to>
			<subject>FAILURE:MIS for data: ${PARTITION_DATE} and for hour ${PARTITION_HOUR} with workflow ID : ${wf:id()}</subject>
			<body>Hi,

				MIS is failed for workflow ID : ${wf:id()}
				Action failed, error message[${wf:errorMessage(wf:lastErrorNode())}]
				
				This is	auto-generated email. Please do not reply to this email.

				Thanks,
				DSS
				Big Data Team
			</body>
		</email>
		<ok to="kill" />
		<error to="kill" />
	</action>
	
	<kill name="kill">
		<message>Action failed, error
			message[${wf:errorMessage(wf:lastErrorNode())}]</message>
	</kill>
	
	<end name="end" />
	
</workflow-app>